{
  "baseline": {
    "perception": {
      "MCQ": {
        "accuracy": 0.5
      },
      "VQA": {
        "language_metrics": {
          "Bleu_1": 0.19004524886791835,
          "Bleu_2": 0.08837464976204275,
          "Bleu_3": 0.047618127192539286,
          "Bleu_4": 4.73390586989784e-06,
          "ROUGE_L": 0.19315328240059423,
          "CIDEr": 1.2104613710688608e-16
        }
      }
    },
    "prediction": {
      "VQA": {
        "language_metrics": {
          "Bleu_1": 0.1863354037255507,
          "Bleu_2": 0.1023785449178524,
          "Bleu_3": 0.07340472407458094,
          "Bleu_4": 0.05234907953891044,
          "ROUGE_L": 0.2236822001527884,
          "CIDEr": 0.0
        }
      }
    },
    "planning": {
      "VQA": {
        "language_metrics": {
          "Bleu_1": 0.03384094754647404,
          "Bleu_2": 0.016963583330425903,
          "Bleu_3": 0.007893927056279592,
          "Bleu_4": 9.58824418153775e-07,
          "ROUGE_L": 0.0396832442857571,
          "CIDEr": 0.0
        }
      }
    },
    "behavior": {
      "MCQ": {
        "accuracy": 0.0
      }
    }
  },
  "agentic": {
    "perception": {
      "MCQ": {
        "accuracy": 1.0
      },
      "VQA": {
        "language_metrics": {
          "Bleu_1": 0.7944914877198337,
          "Bleu_2": 0.7697284772692897,
          "Bleu_3": 0.7440175024424964,
          "Bleu_4": 0.7149442061489174,
          "ROUGE_L": 0.8459793294681119,
          "CIDEr": 4.999999999999999
        }
      }
    },
    "prediction": {
      "VQA": {
        "language_metrics": {
          "Bleu_1": 0.12804051956506604,
          "Bleu_2": 1.360335041228339e-09,
          "Bleu_3": 3.006503112648339e-12,
          "Bleu_4": 1.4191719139216588e-13,
          "ROUGE_L": 0.133252427184466,
          "CIDEr": 0.0
        }
      }
    },
    "planning": {
      "VQA": {
        "language_metrics": {
          "Bleu_1": 0.05307262569817578,
          "Bleu_2": 0.012227033739993827,
          "Bleu_3": 7.516803302839603e-08,
          "Bleu_4": 1.867749086634915e-10,
          "ROUGE_L": 0.08375813945854478,
          "CIDEr": 8.210583979011727e-21
        }
      }
    },
    "behavior": {
      "MCQ": {
        "accuracy": 0.0
      }
    }
  }
}