{
  "baseline": {
    "perception": {
      "MCQ": {
        "accuracy": 1.0
      },
      "VQA": {
        "language_metrics": {
          "Bleu_1": 0.19191919191725335,
          "Bleu_2": 0.10839813009023208,
          "Bleu_3": 0.062340069312645366,
          "Bleu_4": 7.087737950625966e-06,
          "ROUGE_L": 0.19169472502805837,
          "CIDEr": 0.0
        }
      }
    },
    "prediction": {
      "VQA": {
        "language_metrics": {
          "Bleu_1": 0.1863354037255507,
          "Bleu_2": 0.1023785449178524,
          "Bleu_3": 0.07340472407458094,
          "Bleu_4": 0.05234907953891044,
          "ROUGE_L": 0.2236822001527884,
          "CIDEr": 0.0
        }
      }
    },
    "planning": {
      "VQA": {
        "language_metrics": {
          "Bleu_1": 0.06249999999975586,
          "Bleu_2": 0.035007002100563234,
          "Bleu_3": 0.016897613602132933,
          "Bleu_4": 2.0897238573032633e-06,
          "ROUGE_L": 0.09237334801762115,
          "CIDEr": 0.0
        }
      }
    },
    "behavior": {
      "MCQ": {}
    }
  },
  "agentic": {
    "perception": {
      "MCQ": {
        "accuracy": 1.0
      },
      "VQA": {
        "language_metrics": {
          "Bleu_1": 0.07037089517835668,
          "Bleu_2": 1.1258295993892002e-09,
          "Bleu_3": 2.8597034728800863e-12,
          "Bleu_4": 1.4501941178211569e-13,
          "ROUGE_L": 0.03993453355155483,
          "CIDEr": 0.0
        }
      }
    },
    "prediction": {
      "VQA": {
        "language_metrics": {
          "Bleu_1": 0.17901234567790733,
          "Bleu_2": 0.05775494585206597,
          "Bleu_3": 2.752238884826352e-07,
          "Bleu_4": 6.017489120668983e-10,
          "ROUGE_L": 0.14855403348554033,
          "CIDEr": 0.0
        }
      }
    },
    "planning": {
      "VQA": {
        "language_metrics": {
          "Bleu_1": 0.0707964601766779,
          "Bleu_2": 0.01773840280626106,
          "Bleu_3": 1.1199371962444283e-07,
          "Bleu_4": 2.8172087979983974e-10,
          "ROUGE_L": 0.10300890389929383,
          "CIDEr": 0.0
        }
      }
    },
    "behavior": {
      "MCQ": {}
    }
  }
}